Training Job Name,Model Id
team45-mingjun-5,e22d389c-c15d-4b48-b415-c1ad85f5bde9
team45-mingjun-8,0ed94eda-82a3-4e20-8889-a8c0ad2fb371
team45-mingjun-7,4e179ad3-bc3f-4330-8cd8-718bc7ac3717
team45-mingjun-6,1455ee42-5f77-4491-80d4-86a2365ee60f
team45-mingjun-6,654a3dc4-65a0-466c-bdb9-3d1db79a2360
team45-mingjun-8,3dec3ce4-35a6-4fbf-bb3c-b6763f415724
team45-mingjun-5,88e1ca7e-dd6b-4dc0-afe5-f394bcc448e8
team45-mingjun-4,7279690f-2a33-4e63-9684-49ed7db40413
team45-mingjun-4,5b3ee93a-1fd8-4b8a-b152-7c845fed94d6
team45-mingjun-4,86bc14ed-34db-423d-b07e-711e63e2d0df
team45-mingjun-4,74eb4a43-e0f3-481f-b13a-cd30e6fbb669
team45-mingjun-5,6ee777a7-9cb3-41b2-ba6f-26b70747e735
team45-mingjun-8,07d37364-5ba4-43b0-9c3c-779f41cd4576
team45-mingjun-7,6920e3b8-543e-432a-b08f-8dfdfa5f82c1
team45-mingjun-9,600661ea-5dc1-4dd2-b93b-ce03f6fc0e2f
team45-mingjun-4,116d5614-ca3d-41ca-85a8-dcdbe9f23133
team45-mingjun-9,002e204b-c8af-41b0-a065-f43c8bf3fc1c
team45-mingjun-7,5bdbe80c-58a4-4e3c-9bdc-c1f011a1e45d
team45-mingjun-5,4b6446a6-1bb7-4935-a519-aea742f7f9d3
team45-mingjun-8,4ab1c1c5-d9f6-4cad-ab34-dd23a0b3508c
team45-mingjun-9,524d7357-dace-4255-95e2-255a7cf83904
team45-mingjun-4,0ffb8851-a962-4efa-963f-bd7d90a910eb
team45-mingjun-5,b31700f0-cf7f-4fa6-be3a-3e9b8304b5da
team45-mingjun-7,b989dc50-7fe0-43f6-81af-15055ad8ca0c
team45-mingjun-6,11292c69-4aad-48c9-9290-c39aeda87488
team45-mingjun-4,359af3ae-14b0-409b-8a53-afbcca9e953b
team45-mingjun-8,72080277-0eac-44fe-a487-d792ef0c8e54
team45-mingjun-6,541c3f84-e58c-4ce4-9a87-39070d518a54
team45-mingjun-9,f3c4711c-ad1a-4d1f-8114-6714094a4f48
team45-mingjun-9,bceab488-e395-4300-a4d9-06729820c6d7
team45-mingjun-7,825c6983-3f92-47ae-a73d-932a9f11ad31
team45-mingjun-5,19af5334-0da3-4ad3-a215-a0e6340264ea
team45-mingjun-6,e903cf9d-162e-4fcc-a5bb-ebbd72e528dc
team45-mingjun-4,fb76cbb0-d122-4d34-a9de-80704f7be648
team45-mingjun-8,5c1580e4-16da-4676-b461-0ada84cc8c0a
team45-mingjun-5,595d0adf-9db0-4cc6-9bac-af950b5a0ab0
team45-mingjun-6,706889a0-49fa-4117-8d94-24788627a106
team45-mingjun-9,e7a946fc-824c-4ba3-aedb-f6ae09effbad
team45-mingjun-8,e5859a9c-5ad8-485c-9fb1-92b43a9351a3
team45-mingjun-9,845a5e77-f1d6-4c25-a069-d42ca16665b6
team45-mingjun-7,fc6135f8-201c-40f9-a7e9-4d5974333a5f
team45-mingjun-4,fe21c861-9466-4b88-86c6-001cbdf5d48d
team45-mingjun-6,c1bb011c-adc5-49ff-b5e1-e5f878691d70
team45-mingjun-7,9b1401c4-3dd7-4f8b-b07a-3109d5f31939
team45-mingjun-5,ffbd9918-ca94-4c4f-a91d-b377e0ba4449
team45-mingjun-4,61d611ed-f68d-4740-bf2a-2cd4adb0bca3
team45-mingjun-8,e0ffece2-fb2a-4e3c-9766-fbe3da07b5ed
team45-mingjun-6,7fe72d0e-6ecf-4e91-87eb-495a42b5d62b
team45-mingjun-6,5c5bfd57-51e7-4f53-963f-0c920f105c48
team45-mingjun-4,4653a061-5724-49ca-ae33-20ba692d79ce
team45-mingjun-9,79670c77-4279-4c57-8998-938e60801e86
team45-mingjun-7,9cafadca-4242-42ca-b15a-08876048ca9f
team45-mingjun-8,9d431d88-d566-4c7f-922e-2a5be69aece1
team45-mingjun-6,bf9be03d-f9cd-4141-a7cb-7729a0078bb6
team45-mingjun-6,98dc8dd3-f571-42f6-b5ea-916985408b69
team45-mingjun-7,0abe5446-ee18-4ba8-8e51-c3e557e69c38
team45-mingjun-8,eb9fd8a4-490e-41b2-a4cc-def054210955
team45-mingjun-7,54f4d8b3-1412-4334-ae12-8ecd12d4a1b9
team45-mingjun-7,8bf48478-79d2-44ec-9e20-a83f79f7e9e7
team45-mingjun-7,435f21e1-7f7c-41bc-bc8e-ef9c581f0e00
team45-mingjun-7,79107dfe-f9ce-4270-991f-ccc075336417
team45-mingjun-7,9f60d14f-f1d4-4a71-89af-57f7b3e29a04
team45-mingjun-7,83099dc9-2b20-436a-9686-7c7b4a408ac4
team45-mingjun-9,f072612e-6f0f-4eed-8cb3-ce2524533e06
team45-mingjun-5,b76fea09-191c-4082-8bc6-10a420697941
team45-mingjun-2,65842c61-1535-4395-a6ed-76bbeae09423
team45-mingjun-3,c7961706-4150-4b08-b83c-918260e4bb73
team45-mingjun-4,86959035-1447-4b08-8ba6-fc90d22c5a31
team45-mingjun-9,0131767a-b589-40df-a1ff-e8d438e9e3d2
team45-mingjun-8,fe858c55-07ae-4c75-b3aa-dcfec6074855
team45-mingjun-3,734c30fa-fb84-4eea-9367-12416d59f0bf
team45-mingjun-7,35c88777-f0f9-43a0-9e9a-2ad0a0b9b444
team45-mingjun-2,8ad0a82c-87f4-4736-87e6-bfd7cf3908ec
team45-mingjun-4,a050e003-34c6-43ac-a36d-da8474e5557f
team45-mingjun-6,7989e81a-b895-4255-a9b8-5978321a7376
team45-mingjun-5,6111665a-7e5f-452a-885e-8a3e47a5152c
team45-mingjun-5,6007b4f8-2357-4bcc-8b59-72803be5bcdf
team45-mingjun-4,68f11288-1690-41c6-8f02-e47ce845f9cb
team45-mingjun-8,f9e1e13e-e968-4e6d-9ca8-e94b48d7ccdf
team45-mingjun-6,5e8d1e5c-72cf-4b8c-b21b-96420f299c85
team45-mingjun-6,0dd82928-b477-4001-8073-46a7c6db7bc1
team45-mingjun-6,67ca8d3b-762f-4602-bb70-8d3568fc03dd
team45-mingjun-6,79d33c66-99f5-43a6-a40d-e39122605909
team45-mingjun-6,6f73df62-d314-4832-b66e-bce4498deea4
team45-mingjun-6,3f4ea88f-b88a-4ae3-a974-cc8372454dd7
team45-mingjun-6,d729c246-106b-4219-93ee-7d5dfaa11adf
team45-mingjun-6,97235509-164c-4574-a577-b65e61586de7
team45-mingjun-6,d7b0eccc-e33c-4cc2-be81-81080d3466ed
team45-mingjun-16,75ed17b7-ff3a-4116-87d1-bc134cda9956
team45-mingjun-17,1287cbb6-40e2-4be5-b88b-d34a2b2b4377
team45-mingjun-17,7b520491-d066-496e-af70-5caf5475f383
team45-mingjun-18,e49fa7fc-4af6-485f-908e-21f7b40a856a
team45-mingjun-17,f5ddc11c-9e13-4362-bb90-6c462718aebf
team45-mingjun-17,ce42f234-606b-49be-9317-21f78622a198
team45-mingjun-16,7f0c20f7-7d82-49bd-a14c-214f41d10aef
team45-mingjun-17,d78150fb-8f76-43de-a705-97dfbbabeeec
team45-mingjun-16,1186203b-c481-46f0-ac0e-21134811c600
team45-mingjun-16,c46b8a27-78d4-433b-8b32-369b07249545
team45-mingjun-18,845c9a80-84d6-4998-bd95-b08d19b9d5ff
team45-mingjun-18,5b5b304d-7e49-434f-90ae-57bf8246f385
team45-mingjun-18,e54a31ef-d90e-4a4c-9006-10ff4285531e
team45-mingjun-16,cb6d9fbe-e4dd-4a2e-a6e6-eecca23e25c2
team45-mingjun-17,fe496d4c-311f-4382-94cd-0192e9750e2a
team45-mingjun-15v2,bc5ce9b7-d81e-4aba-8c0f-1fa95022bff5
team45-mingjun-15v2,1dd248ac-b721-4973-8024-302d96a29b93
team45-mingjun-15v2,149d3297-c21a-467d-aa1c-b66c6e0d3d1b
team45-mingjun-15v2,662b4325-7847-411b-8b6d-11ab2a546be1
team45-mingjun-15v2,d04d7a61-7a30-4097-b2ed-eb2be09e0e64
team45-mingjun-15v2,737886d8-6610-4646-977e-cebc5da48187
team45-mingjun-15v2,14dfa805-ec5f-4308-9b00-29721429ebdd
team45-mingjun-15v2,89b3645c-0217-4222-92c5-d125f8188b36
team45-mingjun-15v2,16177716-5d59-4239-8d8e-80d0cbb089e2
team45-mingjun-15v2,fcea438b-b3c6-4ad1-bd85-5a4da4b7b8a1
team45-mingjun-15v2,d67699d3-2183-43ac-8e1d-4b473bbb57fa
team45-mingjun-15v2,9ef12808-144b-4f7c-ad84-1ac5f93cb064
team45-mingjun-15v2,a3630ea3-98ff-4c18-8b30-3289764cae96
team45-mingjun-15v2,fc259e70-7c70-4107-8a83-1769878c1a4c
team45-mingjun-15v2,e9aa3347-9e95-4be4-b2e7-b209ad918e8d
team45-mingjun-15v2,12081396-44bc-4354-974c-fb1f40e07fd5
team45-mingjun-15v2,7eb6fda4-1fa1-48ea-b15b-bd76efebed0d
team45-mingjun-15v2,ae355c20-5926-473a-b65f-925d3de06b25
team45-mingjun-15v2,3483501d-b595-43f9-ad5f-bffe45f79589
team45-mingjun-15v2,436532bc-68d0-4af3-aef7-cdf630d6d23b
team45-mingjun-15v2,76ec92d6-bb27-4cd1-a588-c046bd8be8ce
team45-mingjun-15v2,b2c7a09b-3c42-4045-a45a-3c398f618580
team45-mingjun-15v2,b9cef668-37ae-4ebc-9a7d-6865229bcf51
team45-mingjun-15v2,18fa90fc-b0a3-45f2-8b0d-3c2227d0871e
team45-mingjun-15v2,4c5bd972-8393-4872-b448-860f5078c320
team45-mingjun-15v2,d957013c-818a-44d6-b54b-b12c5a7aa9b8
team45-mingjun-15v2,ba9388de-1f97-4384-bfc3-4a87faafc03f
team45-mingjun-15v2,a40d2d26-ec11-4995-ab45-ba88ad629409
team45-mingjun-15v2,984e964a-e1ab-4afe-88f4-fd39e812a307
team45-mingjun-15v2,488dce67-96f0-4a10-8b26-97af99ef081d
team45-mingjun-15v2,db84544f-d38d-40b1-9848-97b1995610d3
team45-mingjun-15v2,24247031-0a16-4380-ab69-583a137f7cb6
team45-mingjun-15v2,f83a17e5-b5e9-478b-ae43-63a4a59c5604
team45-mingjun-15v2,f9a55708-f1d3-481f-b8a7-13f489137553
team45-mingjun-15v2,0554c604-0e57-444c-968f-c27ce84ee754
team45-mingjun-15v2,1f103314-2517-4ffa-a5f1-835b67e7766b
team45-mingjun-15v2,865aac9e-d2f9-46b2-bf70-3d0bc83122f9
team45-mingjun-15v2,1664e637-a7fd-44ec-88f1-199030dd88ef
team45-mingjun-15v2,f29eb340-f471-45e6-8239-b450e70563e5
team45-mingjun-15v2,2976c65f-fa8f-4d5d-9d44-5353e9aeae3c
team45-mingjun-15v2,bb56547f-5d92-4f42-80fa-7ae03a5fc2fe
team45-mingjun-15v2,17adac3c-c432-487a-b4d2-487a077773f4
team45-mingjun-15v2,7da5ae10-a145-4968-9e2f-bdfe489c0fc9
team45-mingjun-15v2,e4a41252-575f-485c-b7a7-c8f0a0426c6f
team45-mingjun-15v2,e166f15a-754a-4dc7-a5bf-5a502ba9c67d
team45-mingjun-15v2,500899ea-3131-4592-abf2-811a200ea13b
team45-mingjun-15v2,e329e066-bef6-48ac-8111-67c6d87c7cc1
team45-mingjun-15v2,84a43393-2ea8-433e-b740-99ad2c6ddad9
team45-mingjun-15v2,a6d6da5e-73ef-4c9f-8794-12aaaef6e15b
team45-mingjun-15v2,18b88bb4-d8ad-4a40-a02f-87158aab4894
team45-mingjun-15v2,4c1bb784-d8fa-4e9c-b540-edcc68ed7849
team45-mingjun-15v2,a6866f0e-4bca-4314-bc53-013cae80ba13
team45-mingjun-15v2,607b7750-e46b-4189-9dc0-ec74d3441978
team45-mingjun-15v2,973ef72f-09f2-45f5-8823-af673cf0df25
team45-mingjun-15v2,73004fed-f0de-4d39-aa0a-9521a00a6831
team45-mingjun-15v2,5f7692e2-abf7-4220-8633-cf13890b87ca
team45-mingjun-15v2,59bba3b9-94c5-495e-ada7-364e64f5a18c
team45-mingjun-15v2,aa803771-dc5f-4196-9db8-17564159d181
team45-mingjun-15v2,17d9c23a-8280-4211-8d26-941e22fdbcaf
team45-mingjun-15v2,5ab9fcbd-bf89-40d1-843d-e9ad9c28323e
team45-mingjun-15v2,55142511-4d79-4303-bdf9-bf5d5ce7313d
team45-mingjun-15v2,140f134e-1d53-43ce-b29e-fef25378c58e
team45-mingjun-15v2,7a9fbc6b-f4c3-44fb-9801-ea5b47db57f0
team45-mingjun-15v2,a94b6949-ac3e-4f93-80b3-e083e159c3a9
team45-mingjun-15v2,828220f6-58eb-44b2-a2cf-f5791eedd1ed
team45-mingjun-15v2,5cb669af-5cef-46ee-b8a8-6fde20b96a1a
team45-mingjun-15v2,d809a4ba-21da-4e4d-a132-b9f012d9283a
team45-mingjun-15v2,6fbab959-8a72-4f17-a8ca-1bb4ec4853a3
team45-mingjun-15v2,90436f09-cf69-4fac-8de8-e4d48d370708
team45-mingjun-15v2,25ece037-2353-49e7-9b4c-7dc65bfa6d95
team45-mingjun-15v2,3c59543b-07cc-4316-a732-7e5bfd704211
team45-mingjun-15v2,7521c1b9-dd52-4ff0-832b-426e46c96952
team45-mingjun-15v2,6d07afdf-3c66-4df7-93d0-7fe20dc216cf
team45-mingjun-15v2,f34952ab-706a-497d-a394-2a5d9d84a063
team45-mingjun-15v2,94224082-9a08-42c4-99df-168c2b3410cb
team45-mingjun-15v2,24a6bf05-3134-46c1-a69a-979c523d3b0d
team45-mingjun-15v2,81650851-c22a-4307-9b1c-7fdadb519956
team45-mingjun-15v2,67ba5b74-f915-44be-a49d-59b36683e3e2
team45-mingjun-15v2,1175e9a1-3297-467f-92bc-32391360dbc5
team45-mingjun-15v2,4c011219-43ff-40aa-80f3-c45fb88a3214
team45-mingjun-15v2,0e6d97e8-8d54-4371-832a-1df750be5951
team45-mingjun-15v2,a93e88bd-7c03-4972-ad0d-672eb3714d0e
team45-mingjun-15v2,d293f16f-8e73-4f4c-860d-f2bd3f9344a6
team45-mingjun-15v2,1e8e634f-7172-4880-b263-24aeafc00a8c
team45-mingjun-15v2,cfb18a96-d81a-4342-a13d-4674631eb526
team45-mingjun-15v2,80296610-a5ae-4aca-a912-1f1390f6af3b
team45-mingjun-15v2,2095ae4b-6cb0-4941-b268-6496ce1d6373
team45-mingjun-15v2,ab518113-bfaa-49b3-a39f-dedcb3ce35ae
team45-mingjun-15v2,cb52d07e-576a-4545-9339-821214283cf4
team45-mingjun-15v2,cf7f729f-25f9-4098-892b-c93f538b4f6e
team45-mingjun-15v2,7f40d5e8-1105-4ccc-8e05-f3866fd97c92
team45-mingjun-15v2,0cf1c884-8646-4c30-9841-7e4a3396438a
team45-mingjun-15v2,3da9cea7-6b4e-4847-8838-eb504748ef27
team45-mingjun-15v2,0a9f5b75-1686-4308-ac42-6af17394f2bc
team45-mingjun-15v2,2c5ae6ec-14a3-443a-8381-7b47e6d84d3a
team45-mingjun-15v2,a65480a5-f0ca-43d0-8d0b-b06f59efe00e
team45-mingjun-15v2,409adf09-dc7c-4b0e-a440-77e2c44785e5
team45-mingjun-15v2,95d7706b-169b-415a-93ef-021cc54f66c7
team45-mingjun-15v2,76d94a1b-12b5-4044-a27a-3be7fcf47b5d
team45-mingjun-15v2,1c33bd52-404f-40e8-a6f4-ff76c488f3da
team45-mingjun-15v2,74f3acc4-f39d-4245-9142-7cf9ad8bd316
team45-mingjun-15v2,87148967-1b34-4df4-8575-807637dd3612
team45-mingjun-15v2,87b3f567-963a-401a-b12d-d17d31517b57
team45-mingjun-15v2,765b9bb4-0bf4-4383-bff7-58bd0f43d975
team45-mingjun-15v2,74b8f35c-82f0-4dcc-b6b2-e2003dc5111d
team45-mingjun-15v2,37fcccd0-139d-4749-aed4-a66b010d8bca
team45-mingjun-15v2,f5a75bd3-a881-4811-aeb4-7fa3f29db914
team45-mingjun-15v2,5ff94b33-fb05-424b-8452-61b4d579a446
team45-mingjun-15v2,86ecb63f-d53d-4c47-8ff8-119c57a6c8a5
team45-mingjun-15v2,c27f7dba-d709-433d-85d1-9360bc1d3609
team45-mingjun-15v2,7ef556cc-fe4b-4d7a-b18c-c31518dff2d3
team45-mingjun-15v2,7f70778f-ad22-420e-b0e8-6e0a13209a84
team45-mingjun-15v2,f91a6696-ce56-4904-a102-9a0c98702806
team45-mingjun-15v2,2e3e640e-72db-42e7-83e6-dc6e4cc5a6cd
team45-mingjun-15v2,a7add0da-5103-41db-bdf0-c5b58e2b2601
team45-mingjun-15v2,cc47f392-2caf-4e7b-8387-5fa0fe464da0
team45-mingjun-15v2,ecda8068-8164-4ce3-b4b7-b7554f6ef5a3
team45-mingjun-15v2,fa9d2e32-c2a3-4c41-956e-303b65ce52e8
team45-mingjun-15v2,0ed7d457-1d19-4a71-9901-701ed70cf82a
team45-mingjun-15v2,2ba6e15a-09ff-4443-9527-cad3dcc89c67
team45-mingjun-15v2,59db87de-0d4c-4221-a978-1ff56e3e0a6b
team45-mingjun-15v2,d54a410a-db58-43b2-82f0-3bf2deae099d
team45-mingjun-15v2,503a1499-f0c6-4701-8e65-3b6913155458
team45-mingjun-15v2,1732d2cd-44a6-4ac5-a78f-ac69715c35c0
team45-mingjun-15v2,03ae1667-da78-4b1f-8fb2-e2cc36106c9d
team45-mingjun-15v2,7fa75e46-a843-4927-995b-08b2e8a5febf
team45-mingjun-15v2,74872ae7-5ab8-43d9-9f66-815c61f2185b
team45-mingjun-15v2,384e0577-7c7c-44af-957e-17b082b5b533
team45-mingjun-15v2,40bac144-324b-44e1-a027-957b9ce27c39
team45-mingjun-15v2,e461d6df-5208-4329-b95d-1176e6cf4194
team45-mingjun-15v2,df8abf96-fcf3-4fdd-9dc3-0321e904c527
team45-mingjun-15v2,e5df080f-a735-4456-b95e-cf10d5dd95ba
team45-mingjun-15v2,83a92937-1d3c-40e3-bf7e-995eedd8a972
team45-mingjun-15v2,e7e458ba-9c08-486f-85a1-0eb40badd232
team45-mingjun-15v2,770b4036-5159-4430-b4ba-83557d9e22c5
team45-mingjun-15v2,78a272d0-63f7-4e2b-be96-4c75f2b2806d
team45-mingjun-15v2,a908195d-a3d8-4aa2-8af0-162e70a04885
team45-mingjun-15v2,0d5e17f9-cfb7-494f-b426-2a1743ba90dc
team45-mingjun-15v2,5c893d71-ce53-481f-afdd-7ddc7f901a94
team45-mingjun-15v2,28b6cbdc-116f-431e-97c3-43733a847480
team45-mingjun-15v2,a2bafaaa-f0a4-4242-82fb-092472f97f2d
team45-mingjun-15v2,d277476f-ce1b-4fd0-b624-6748a65fefcc
team45-mingjun-15v2,f19eca88-21bb-4869-83b3-d223a0ad13fa
team45-mingjun-15v2,ed7ccb4f-8f17-4710-95bf-9b8122969d41
team45-mingjun-15v2,7f0763d9-a282-40e4-87fc-815f730d714b
team45-mingjun-15v2,16010dbd-947d-4a3b-a4bb-015b299b1c27
team45-mingjun-15v2,487e5375-0080-4b6a-9225-086b26f9337a
team45-mingjun-15v2,802eed4b-4f6f-4291-ada5-5d52e3f9b52a
team45-mingjun-15v2,736013ba-618e-432f-98df-da663972deae
team45-mingjun-15v2,79aa547b-7c14-42d9-94be-d342cb4ef20a
team45-mingjun-15v2,9106c661-44d2-451c-8d0c-7b4e7cf19933
team45-mingjun-15v2,70a6f15e-7d46-4219-80c8-4b16c3c8960c
team45-mingjun-15v2,3cf26457-da4c-4d07-9218-349cc3638eab
team45-mingjun-15v2,67f34a50-b06a-4b36-b9c9-35e5259ac1f0
team45-mingjun-15v2,ceb029f7-e6c9-4645-b970-42b234565773
team45-mingjun-15v2,3cfbf258-eaeb-4a4d-9d48-7d306e923a3e
team45-mingjun-15v2,b46332a4-67f7-4cc8-9f30-b236c315c427
team45-mingjun-15v2,d793795c-1744-4e08-81d7-3e0360a502ff
team45-mingjun-15v2,d76f630c-b44b-4111-a17c-fb5afde7924e
team45-mingjun-15v2,59d5cccb-6f8d-4f1c-81d4-65da62e6fdaa
team45-mingjun-15v2,b924faf4-539b-4df9-b80d-9edaefc3b063
team45-mingjun-15v2,3733fe08-c0ba-4afb-8ec3-5a1d9b57b40c
team45-mingjun-15v2,2f4855e8-521a-4225-a005-b9374250a522
team45-mingjun-15v2,fef72d73-bca5-4a28-8103-0e3e3d2252dc
team45-mingjun-15v2,6c2a2742-8d77-4466-9e77-d7c583372cd9
team45-mingjun-15v2,5dad42ad-1adb-4bef-b7e7-161a84a893ba
team45-mingjun-15v2,7b05a656-1900-4a70-b805-aa5d0a6359bf
team45-mingjun-15v2,83c9ac6a-9aaa-4367-956d-c3534cfbbe8e
team45-mingjun-15v2,c1a042f9-2d0f-423b-bd89-6aa0c93cce3d
team45-mingjun-15v2,244da877-44ec-4a62-b41c-129bdeaf8074
team45-mingjun-15v2,8085c337-9906-41d4-9052-d31815896816
